feature,mean_importance
feature_1,0.07093260658400932
feature_2,0.21013969185441975
feature_3,0.2460863259300174
feature_4,0.41360685589287216
