feature,mean_importance
feature_2,0.002885188363693847
feature_1,0.017071035343247477
feature_4,0.17391941573571518
feature_3,0.7746660042453458
