feature,shap_importance
feature_3,0.6639456392319705
feature_4,0.5645074526215369
feature_1,0.0
feature_2,0.0
