feature,mean_importance
feature_1,0.0
feature_2,0.0
feature_4,0.5431509551369527
feature_3,0.7262925835549007
