{
    "uid": "8332393e-26b8-42b1-b48c-7083abb71ee1",
    "name": "3_Linear",
    "preprocessing": [
        {
            "missing_values": [
                {
                    "fill_method": "na_fill_median",
                    "fill_params": {
                        "feature_1": 5.8,
                        "feature_2": 3.0,
                        "feature_3": 4.25,
                        "feature_4": 1.3
                    },
                    "datetime_columns": []
                }
            ],
            "scale": [
                {
                    "scale": [
                        0.8093650774436355,
                        0.4228786988741915,
                        1.7455806430844842,
                        0.7609482804558875
                    ],
                    "mean": [
                        5.835135135135134,
                        3.086486486486486,
                        3.7545045045045047,
                        1.2225225225225227
                    ],
                    "var": [
                        0.6550718285853422,
                        0.17882639396152913,
                        3.0470517815112417,
                        0.5790422855287719
                    ],
                    "n_samples_seen": 111,
                    "n_features_in": 4,
                    "columns": [
                        "feature_1",
                        "feature_2",
                        "feature_3",
                        "feature_4"
                    ],
                    "scale_method": "scale_normal"
                }
            ],
            "categorical_y": {
                "1.0": 0,
                "2.0": 1,
                "121.0": 2
            },
            "ml_task": "multiclass_classification",
            "params": {
                "columns_preprocessing": {
                    "feature_1": [
                        "na_fill_median",
                        "scale_normal"
                    ],
                    "feature_2": [
                        "na_fill_median",
                        "scale_normal"
                    ],
                    "feature_3": [
                        "na_fill_median",
                        "scale_normal"
                    ],
                    "feature_4": [
                        "na_fill_median",
                        "scale_normal"
                    ]
                },
                "target_preprocessing": [
                    "na_exclude",
                    "categorical_to_int"
                ],
                "ml_task": "multiclass_classification"
            }
        }
    ],
    "learners": [
        {
            "library_version": "1.0.2",
            "algorithm_name": "Logistic Regression",
            "algorithm_short_name": "Linear",
            "uid": "6c309b8e-4ce4-45cf-b0ed-8f988cfae242",
            "params": {
                "model_type": "Linear",
                "ml_task": "multiclass_classification",
                "n_jobs": -1,
                "seed": 1235,
                "num_class": 3,
                "explain_level": 2
            },
            "name": "learner_fold_0"
        }
    ],
    "params": {
        "additional": {
            "max_steps": 1,
            "max_rows_limit": null,
            "max_cols_limit": null
        },
        "preprocessing": {
            "columns_preprocessing": {
                "feature_1": [
                    "na_fill_median",
                    "scale_normal"
                ],
                "feature_2": [
                    "na_fill_median",
                    "scale_normal"
                ],
                "feature_3": [
                    "na_fill_median",
                    "scale_normal"
                ],
                "feature_4": [
                    "na_fill_median",
                    "scale_normal"
                ]
            },
            "target_preprocessing": [
                "na_exclude",
                "categorical_to_int"
            ],
            "ml_task": "multiclass_classification"
        },
        "validation_strategy": {
            "validation_type": "split",
            "train_ratio": 0.75,
            "shuffle": true,
            "stratify": true,
            "X_path": "sparcs_regression/X.data",
            "y_path": "sparcs_regression/y.data",
            "results_path": "sparcs_regression"
        },
        "learner": {
            "model_type": "Linear",
            "ml_task": "multiclass_classification",
            "n_jobs": -1,
            "seed": 1235,
            "num_class": 3,
            "explain_level": 2
        },
        "automl_random_state": 1234,
        "ml_task": "multiclass_classification",
        "explain_level": 2,
        "name": "3_Linear",
        "status": "initialized",
        "final_loss": null,
        "train_time": null,
        "data_type": "original",
        "max_time_for_learner": 360.0
    },
    "saved": [
        "3_Linear/learner_fold_0.linear"
    ],
    "predictions_fname": "3_Linear/predictions_validation.csv",
    "metric_name": "logloss",
    "final_loss": 0.2520792940464751,
    "train_time": 5.422917604446411,
    "is_stacked": false
}