feature,mean_importance
feature_1,0.15371226000699542
feature_2,0.1955816071256043
feature_3,0.4925343089289063
feature_4,0.7627424820434764
