feature,shap_importance
feature_4,3.8788961288250947
feature_3,3.4188485282185965
feature_1,2.0046302496062482
feature_2,1.97041966496554
